﻿<error errorId="69823969-d5b8-4be2-ac05-e709a5cf4609" application="/LM/W3SVC/1/ROOT/feeds" host="TAOBAO-OPS-BASE" type="System.Web.HttpException" message="从客户端(:)中检测到有潜在危险的 Request.Path 值。" source="System.Web" detail="System.Web.HttpException (0x80004005): 从客户端(:)中检测到有潜在危险的 Request.Path 值。&#xD;&#xA;   在 System.Web.HttpRequest.ValidateInputIfRequiredByConfig()&#xD;&#xA;   在 System.Web.HttpApplication.PipelineStepManager.ValidateHelper(HttpContext context)" time="2012-04-18T07:43:18.8093422Z" statusCode="400">
  <serverVariables>
    <item name="ALL_HTTP">
      <value string="HTTP_HOST:taobao-ops-base&#xD;&#xA;" />
    </item>
    <item name="ALL_RAW">
      <value string="Host: taobao-ops-base&#xD;&#xA;" />
    </item>
    <item name="APPL_MD_PATH">
      <value string="/LM/W3SVC/1/ROOT/feeds" />
    </item>
    <item name="APPL_PHYSICAL_PATH">
      <value string="C:\iisweb\nuget\" />
    </item>
    <item name="AUTH_TYPE">
      <value string="" />
    </item>
    <item name="AUTH_USER">
      <value string="" />
    </item>
    <item name="AUTH_PASSWORD">
      <value string="" />
    </item>
    <item name="LOGON_USER">
      <value string="" />
    </item>
    <item name="REMOTE_USER">
      <value string="" />
    </item>
    <item name="CERT_COOKIE">
      <value string="" />
    </item>
    <item name="CERT_FLAGS">
      <value string="" />
    </item>
    <item name="CERT_ISSUER">
      <value string="" />
    </item>
    <item name="CERT_KEYSIZE">
      <value string="" />
    </item>
    <item name="CERT_SECRETKEYSIZE">
      <value string="" />
    </item>
    <item name="CERT_SERIALNUMBER">
      <value string="" />
    </item>
    <item name="CERT_SERVER_ISSUER">
      <value string="" />
    </item>
    <item name="CERT_SERVER_SUBJECT">
      <value string="" />
    </item>
    <item name="CERT_SUBJECT">
      <value string="" />
    </item>
    <item name="CONTENT_LENGTH">
      <value string="0" />
    </item>
    <item name="CONTENT_TYPE">
      <value string="" />
    </item>
    <item name="GATEWAY_INTERFACE">
      <value string="CGI/1.1" />
    </item>
    <item name="HTTPS">
      <value string="off" />
    </item>
    <item name="HTTPS_KEYSIZE">
      <value string="" />
    </item>
    <item name="HTTPS_SECRETKEYSIZE">
      <value string="" />
    </item>
    <item name="HTTPS_SERVER_ISSUER">
      <value string="" />
    </item>
    <item name="HTTPS_SERVER_SUBJECT">
      <value string="" />
    </item>
    <item name="INSTANCE_ID">
      <value string="1" />
    </item>
    <item name="INSTANCE_META_PATH">
      <value string="/LM/W3SVC/1" />
    </item>
    <item name="LOCAL_ADDR">
      <value string="10.13.23.84" />
    </item>
    <item name="PATH_INFO">
      <value string="/feeds/nuget+https:/go.microsoft.com/fwlink/" />
    </item>
    <item name="PATH_TRANSLATED">
      <value string="C:\iisweb\nuget\nuget+https:\go.microsoft.com\fwlink\" />
    </item>
    <item name="QUERY_STRING">
      <value string="LinkID=230477" />
    </item>
    <item name="REMOTE_ADDR">
      <value string="10.13.25.88" />
    </item>
    <item name="REMOTE_HOST">
      <value string="10.13.25.88" />
    </item>
    <item name="REMOTE_PORT">
      <value string="9789" />
    </item>
    <item name="REQUEST_METHOD">
      <value string="GET" />
    </item>
    <item name="SCRIPT_NAME">
      <value string="/feeds/nuget+https:/go.microsoft.com/fwlink/" />
    </item>
    <item name="SERVER_NAME">
      <value string="taobao-ops-base" />
    </item>
    <item name="SERVER_PORT">
      <value string="80" />
    </item>
    <item name="SERVER_PORT_SECURE">
      <value string="0" />
    </item>
    <item name="SERVER_PROTOCOL">
      <value string="HTTP/1.0" />
    </item>
    <item name="SERVER_SOFTWARE">
      <value string="Microsoft-IIS/7.0" />
    </item>
    <item name="URL">
      <value string="/feeds/nuget+https:/go.microsoft.com/fwlink/" />
    </item>
    <item name="HTTP_HOST">
      <value string="taobao-ops-base" />
    </item>
  </serverVariables>
  <queryString>
    <item name="LinkID">
      <value string="230477" />
    </item>
  </queryString>
</error>